"000003","R20974","アジェンダ･ビューロー","グレー","オフィス仕様のA5サイズのダイアリー「アジェンダ･ビューロー」。ノートやメモ用紙をエレガントにカバーできます。クレジットカード用ポケットが6つ付き、収納性も抜群。別売りのダイアリーやアドレス帳とセットでお使いいただけます。","ライフスタイル:書籍 & ステーショナリー:ペンケース、ノートブック&手帳カバー"
"000004","R20409","アジェンダ･ビューロー","グレー","オフィス仕様のA5サイズのダイアリー「アジェンダ･ビューロー」。ノートやメモ用紙をエレガントにカバーできます。クレジットカード用ポケットが6つ加わり、更に使い易くなりました。別売りのダイアリーやアドレス帳とセットでお使いいただけます。","ライフスタイル:書籍 & ステーショナリー:ペンケース、ノートブック&手帳カバー"
"000007","R20232","アジェンダ GM","グレー","リング式ダイアリーの一番大きなモデル「アジェンダ GM」。複数の内ポケットとクレジットカード用ポケット付きです。レフィル類は別売。","ライフスタイル:書籍 & ステーショナリー:ペンケース、ノートブック&手帳カバー"
"000008","R20242","アジェンダ MM","グレー","ダミエ･グラフィットのダイアリー「アジェンダ MM」。内ポケット2つとクレジットカード用ポケット6つが付き、機能的。ビジネスユースにも最適なデザイン。レフィル類は別売。","ライフスタイル:書籍 & ステーショナリー:ペンケース、ノートブック&手帳カバー"
"000010","R20425","アジェンダ･ポッシュ","グレー","ポケットサイズの機能的なダイアリー「アジェンダ･ポッシュ」。クレジットカード用ポケット付きで、ジャケットのポケットにもスムーズに収まるスリムなデザイン。レフィル類は別売。","ライフスタイル:書籍 & ステーショナリー:ペンケース、ノートブック&手帳カバー"
"000011","R20975","アジェンダ･ポッシュ","グレー","ポケットサイズの機能的なダイアリー「アジェンダ･ポッシュ」。クレジットカード用ポケット付きで、ジャケットのポケットにもスムーズに収まるスリムなデザイン。マスキュリンなダミエ・グラフィットは都会的な男性にぴったりのさりげないおしゃれを演出します。レフィル類は別売り。","ライフスタイル:書籍 & ステーショナリー:ペンケース、ノートブック&手帳カバー"
"000012","R20426","アジェンダ PM","グレー","コンパクトなダイアリー「アジェンダ PM」。カード用ポケットが付いて機能も充実。アドレス帳、手帳、ノートとしてもお使いいただけます。レフィル類は別売り。","ライフスタイル:書籍 & ステーショナリー:ペンケース、ノートブック&手帳カバー"
"000015","M9887T","サンチュール・LVイニシャル 40MM リバーシブル","マロン","アイコニックなLVイニシャルのリバーシブルベルト「サンチュール･LVイニシャル 40MM リバーシブル」。落ち着いたルテニウム仕上げのバックルと、一面にダークブラウン、もう一面にブラックを配したエレガントなカーフレザーのストラップは、ビジネスにもカジュアルにもお使い頂けるアイテムです。","メンズ:アクセサリー:メンズ ベルト"
"000015","M9887S","サンチュール・LVイニシャル 40MM リバーシブル","マロン","アイコニックなLVイニシャルのリバーシブルベルト「サンチュール･LVイニシャル 40MM リバーシブル」。落ち着いたルテニウム仕上げのバックルと、一面にダークブラウン、もう一面にブラックを配したエレガントなカーフレザーのストラップは、ビジネスにもカジュアルにもお使い頂けるアイテムです。","メンズ:アクセサリー:メンズ ベルト"
"000015","M9887U","サンチュール・LVイニシャル 40MM リバーシブル","マロン","アイコニックなLVイニシャルのリバーシブルベルト「サンチュール･LVイニシャル 40MM リバーシブル」。落ち着いたルテニウム仕上げのバックルと、一面にダークブラウン、もう一面にブラックを配したエレガントなカーフレザーのストラップは、ビジネスにもカジュアルにもお使い頂けるアイテムです。","メンズ:アクセサリー:メンズ ベルト"
"000015","M9887Q","サンチュール・LVイニシャル 40MM リバーシブル","マロン","アイコニックなLVイニシャルのリバーシブルベルト「サンチュール･LVイニシャル 40MM リバーシブル」。落ち着いたルテニウム仕上げのバックルと、一面にダークブラウン、もう一面にブラックを配したエレガントなカーフレザーのストラップは、ビジネスにもカジュアルにもお使い頂けるアイテムです。","メンズ:アクセサリー:メンズ ベルト"
"000015","M9887V","サンチュール・LVイニシャル 40MM リバーシブル","マロン","アイコニックなLVイニシャルのリバーシブルベルト「サンチュール･LVイニシャル 40MM リバーシブル」。落ち着いたルテニウム仕上げのバックルと、一面にダークブラウン、もう一面にブラックを配したエレガントなカーフレザーのストラップは、ビジネスにもカジュアルにもお使い頂けるアイテムです。","メンズ:アクセサリー:メンズ ベルト"
"000015","M9887R","サンチュール・LVイニシャル 40MM リバーシブル","マロン","アイコニックなLVイニシャルのリバーシブルベルト「サンチュール･LVイニシャル 40MM リバーシブル」。落ち着いたルテニウム仕上げのバックルと、一面にダークブラウン、もう一面にブラックを配したエレガントなカーフレザーのストラップは、ビジネスにもカジュアルにもお使い頂けるアイテムです。","メンズ:アクセサリー:メンズ ベルト"
"000017","R21065","アジェンダ･ビューロー","マロン","オフィス仕様のA5サイズのダイアリー「アジェンダ･ビューロー」。ノートやメモ用紙をエレガントにカバーできます。クレジットカード用ポケットが6つ付き、収納性も抜群。別売りのダイアリーやアドレス帳とセットでお使いいただけます。","ウィメンズ:パーソナライゼーション:イニシャルホットスタンピング"
"000018","R20100","アジェンダ･ビューロー","マロン","オフィス仕様のA5サイズのダイアリー「アジェンダ･ビューロー」。ノートやメモ用紙をエレガントにカバーできます。クレジットカード用ポケットが6つ加わり、更に使い易くなりました。別売のダイアリーやアドレス帳とセットでお使いいただけます。","ウィメンズ:パーソナライゼーション:イニシャルホットスタンピング"
"000021","R20107","アジェンダ GM","マロン","リング式ダイアリーの一番大きなモデル「アジェンダ GM」。複数の内ポケットとクレジットカード用ポケット付きです。","ウィメンズ:パーソナライゼーション:イニシャルホットスタンピング"
"000023","R20106","アジェンダ GM","マロン","リング式ダイアリーの一番大きなモデル「アジェンダ GM」。複数の内ポケットとクレジットカード用ポケット付きです。レフィル類は別売。","ウィメンズ:パーソナライゼーション:イニシャルホットスタンピング"
"000025","R20212","アジェンダ GM","ブラック","リング式ダイアリーの一番大きなモデル「アジェンダ GM」。複数の内ポケットとクレジットカード用ポケット付きです。","ウィメンズ:パーソナライゼーション:イニシャルホットスタンピング"
"000027","R20202","アジェンダ MM","ブラック","エレガントなエピ･レザーのダイアリー「アジェンダ MM」。内ポケット2つとクレジットカード用ポケット6つが付き、機能的です。","ウィメンズ:パーソナライゼーション:イニシャルホットスタンピング"
"000028","R20105","アジェンダ MM","マロン","モノグラム・キャンバスのダイアリー「アジェンダ MM」。内ポケット2つとクレジットカード用ポケット6つが付き、機能的です。レフィル類は別売。","ウィメンズ:パーソナライゼーション:イニシャルホットスタンピング"
"000029","R20240","アジェンダ MM","マロン","ダミエ･キャンバスのダイアリー「アジェンダ MM」。内ポケット2つとクレジットカード用ポケット6つが付き、機能的です。レフィル類は別売。","ウィメンズ:パーソナライゼーション:イニシャルホットスタンピング"
"000036","R20522","アジェンダ･ポッシュ","ブラック","ポケットサイズの機能的なダイアリー「アジェンダ･ポッシュ」。クレジットカード用ポケット付きです。レフィル類は別売。","ウィメンズ:パーソナライゼーション:イニシャルホットスタンピング"
"000037","R20503","アジェンダ･ポッシュ","マロン","ポケットサイズの機能的なダイアリー「アジェンダ･ポッシュ」。クレジットカード用ポケット付きです。レフィル類は別売。","ウィメンズ:パーソナライゼーション:イニシャルホットスタンピング"
"000038","R20703","アジェンダ･ポッシュ","マロン","ポケットサイズの機能的なダイアリー「アジェンダ･ポッシュ」。クレジットカード用ポケット付きです。レフィル類は別売。","ウィメンズ:パーソナライゼーション:イニシャルホットスタンピング"
"000043","R20052","アジェンダ PM","ブラック","コンパクトなダイアリー「アジェンダ PM」。カード用ポケットが付いて機能も充実。アドレス帳や手帳、ノートとしてもお使いいただけます。レフィル類は別売。","ウィメンズ:パーソナライゼーション:イニシャルホットスタンピング"
"000044","R20005","アジェンダ PM","マロン","コンパクトなダイアリー「アジェンダ PM」。カード用ポケットが付いて機能も充実。アドレス帳や手帳、ノートとしてもお使いいただけます。レフィル類は別売。","ライフスタイル:書籍 & ステーショナリー:ペンケース、ノートブック&手帳カバー"
"000045","R20700","アジェンダ PM","マロン","コンパクトな6穴式ダイアリー「アジェンダ PM」。カード用ポケットが付いて機能も充実。アドレス帳や手帳、ノートとしてもお使いいただけます。レフィル類は別売。","ライフスタイル:書籍 & ステーショナリー:ペンケース、ノートブック&手帳カバー"
"000047","R20706","アジェンダ PM","ベージュ","コンパクトな6穴式ダイアリー「アジェンダ PM」。カード用ポケットが付いて機能も充実。アドレス帳や手帳、ノートとしてもお使いいただけます。レフィル類は別売。","ウィメンズ:パーソナライゼーション:イニシャルホットスタンピング"
"000075","J60055","ショルダーストラップ（調整可能、幅1.6cm、エピ用）","ブルー","エピ･レザーのバッグに合わせてお使いいただけるショルダーストラップです。<BR>※バッグ本体に使用されている金具のサイズによって取り付けができない場合がございます。詳しくはクライアントサービス(Tel.0120-00-1854)までお問合せください。","ウィメンズ:バッグ:すべてのウィメンズバッグ"
"000075","J00990","ショルダーストラップ（調整可能、幅1.6cm、エピ用）","レッド","エピ･レザーのバッグに合わせてお使いいただけるショルダーストラップです。<BR>※バッグ本体に使用されている金具のサイズによって取り付けができない場合がございます。詳しくはクライアントサービス(Tel.0120-00-1854)までお問合せください。","ウィメンズ:バッグ:すべてのウィメンズバッグ"
"000106","M47270","ボーリング・ヴァニティ","マロン","化粧道具の持ち運び用にデザインされたソフトタイプのバッグ 「ボーリング・ヴァニティ」。複数のポケットとボトルホルダー付きで機能的です。","ウィメンズ:パーソナライゼーション:イニシャルホットスタンピング"
"000206","M56711","キーポル・バンドリエール 45","マロン","旅行だけでなく、レジャーやビジネスシーンでも活躍する、収納力抜群の「キーポル･バンドリエール 45」はモノグラム･キャンバスにブラックレザーがアクセントになった都会的でファッショナブルなデザイン。取り外し可能なショルダーストラップもついて機能的。","メンズ:パーソナライゼーション:バッグ＆トラベル"
"000207","N41418","キーポル・バンドリエール 45","グレー","ルイ･ヴィトン定番の旅行用バッグ「キーポル・バンドリエール 45」。肩に掛けて快適に持ち運べるレザーストラップ付きです。","メンズ:トラベル:すべてのメンズトラベル製品"
"000208","N41413","キーポル・バンドリエール 55","グレー","シンプル且つ、都会的なデザインが印象的なダミエ・グラフィットの「キーポル・バンドリエール 55」。ルイ・ヴィトンの定番の旅行バッグがマスキュリンなイメージに。取り外し可能なレザーストラップ付きで、肩に掛けても使用可能。","メンズ:トラベル:メンズ トラベルバッグ"
"000209","M56714","キーポル・バンドリエール 55","マロン","ルイ･ヴィトン定番の旅行用バッグ「キーポル･バンドリエール 55」が、マスキュリンなブラックレザートリミングが特徴的な「モノグラム･マカサー」より登場。レザーストラップ付きで機能的。","ウィメンズ:パーソナライゼーション:トラベル"
"000225","M32719","エテュイ･3 モントル","ブラック","腕時計が3本入り、携帯可能なコンパクトサイズのウォッチケースは旅行の必需品。ソフトなクッションが大切な時計を保護します。","メンズ:トラベル:すべてのメンズトラベル製品"
"000236","N47625","Toiletry Pouch","グレー",,"Men:Travel:All Luggage and Accessories"
"000244","N42222","ノエ","ベージュ","1932年の誕生当時のデザインを彷彿させるバッグ「ノエ」。前身となった「ノエ」は、ガストン-ルイ･ヴィトンがあるシャンパン製造業者から、5本のシャンパンボトルを持ち運びできる堅牢でスタイリッシュなバッグを依頼されたことをきっかけに誕生したもの。アイコニックなフォルム、高い収納力、ドローストリングといったオリジナルのディテールを保ちながら、ダミエ･アズール キャンバスで現代風にアップデート。調節可能なレザーストラップで、ショルダーバッグとしてもお楽しみいただけます。","ウィメンズ:バッグ:ウィメンズ ショルダーバッグ、クロスボディバッグ"
"000257","M30502","ポルトフォイユ・ブラザ","ブルー","収納性に優れ、実用的な財布「ポルトフォイユ・ブラザ」。フランス人探検家ピエール・ブラザにちなんで名付けられました。クレジットカード16枚、紙幣、名刺、チケットやレシートなどが収納できます。 小銭入れがありながらもすっきりとしたデザインでスタイリッシュにお持ちいただけます。","メンズ:財布＆小物:メンズ メンズロングウォレット（長財布）"
"000257","M30501","ポルトフォイユ・ブラザ","ブラック","収納性に優れ、実用的な財布「ポルトフォイユ・ブラザ」。フランス人探検家ピエール・ブラザにちなんで名付けられました。クレジットカード16枚、紙幣、名刺、チケットやレシートなどが収納できます。 小銭入れがありながらもすっきりとしたデザインでスタイリッシュにお持ちいただけます。","メンズ:財布＆小物:メンズ メンズロングウォレット（長財布）"
"000287","M30530","ポルトフォイユ・ミュルティプル","ブルー","クレジットカードや紙幣、レシートをコンパクトに持ち歩くのに最適な「ポルトフォイユ･ミュルティプル」。","メンズ:財布＆小物:すべてのメンズ財布＆小物"
"000287","M30531","ポルトフォイユ・ミュルティプル","ブラック","クレジットカードや紙幣、レシートをコンパクトに持ち歩くのに最適な「ポルトフォイユ･ミュルティプル」。ひねりを効かせたブラックとグレーのエレガントな組み合わせが、明るい雰囲気を添えます。","メンズ:財布＆小物:すべてのメンズ財布＆小物"
"000305","N62666","ネオ・ポルト カルト","グレー","ダミエ・グラフィットのシックなカードケース、「ネオ・ポルト カルト」。横入れと縦入れとして、表と裏で違ったカードの収納方式で個性的。薄型で、ジャケットやパンツのポケットにも楽に収納可能。","メンズ:財布＆小物:メンズ キー＆カードケース、パスポートカバー"
"000309","M60166","Neo Porte Cartes","マロン","The Neo Porte Cartes in Monogram Macassar canvas is a sophisticated way to carry essential cards. This striking interpretation of Louis Vuitton’s iconic pattern is enhanced by black leather trimmings.","Men:Wallets and Small Leather Goods:Cardholders and Passport Cases"
"000327","J00276","ショルダーストラップ（調整可能、幅1.6cm、ダミエ用）","マロン","ダミエ･キャンバスのバッグに合わせてお使いいただけるショルダーストラップです。<BR>※バッグ本体に使用されている金具のサイズによって取り付けができない場合がございます。詳しくはクライアントサービス(Tel.0120-00-1854)までお問合せください。","ウィメンズ:バッグ:すべてのウィメンズバッグ"
"000386","N62665","ポルトフォイユ・ブラザ","グレー","男性的でシックな印象の「ポルトフォイユ・ブラザ」がダミエ・グラフィットから登場。収納性に優れ、実用的です。ジャケットのポケットにもスムーズに収まるスリムなデザイン。","メンズ:財布＆小物:メンズ メンズロングウォレット（長財布）"
"000387","M66540","ポルトフォイユ・ブラザ","マロン","収納性に優れ、実用的な財布「ポルトフォイユ・ブラザ」。フランス人探検家ピエール・ブラザにちなんで名付けられました。クレジットカード16枚、紙幣、名刺、チケットやレシートなどが収納できます。 小銭入れがありながらもすっきりとしたデザインでスタイリッシュにお持ちいただけます。","メンズ:財布＆小物:メンズ メンズロングウォレット（長財布）"
"000472","N63076","ジッピー・コイン パース","グレー","コンパクトなデザインでポケット等にも収納可能な「ジッピー・コイン パース」。ファスナー開閉式で大きな間口が特徴的。小さな財布としても代用可能です。","メンズ:財布＆小物:すべてのメンズ財布＆小物"
"000478","M91678","アルマ BB","パープル","1934年に発表されたメゾンのアール･デコ調のバッグの特徴をそのまま受け継ぐ「アルマ BB」。パテントレザーにエンボス加工を施したモノグラム･ヴェルニ レザーで仕立て、LVの刻印入りパドロック、ハンドステッチを施したトロンハンドル、シックなキーベルをあしらいました。あらゆる装いをグラマラスに演出する、ルイ･ヴィトンならではのディテールが光る光沢感のあるバッグです。取外し可能なストラップ付きで、トレンディなクロスボディバッグとしてもお楽しみいただけます。","ウィメンズ:バッグ:ウィメンズ ショルダーバッグ、クロスボディバッグ"
"000511","M53151","アルマ PM","マロン","日常使いにぴったりのタイムレスなアイコンバッグ「アルマ PM」。構築的なフォルムが1934年に発表されたメゾンのアール･デコ調のバッグの特徴をそのままに伝えます。その名はパリのアルマ橋から採られたもの。モノグラム･キャンバスで仕立て、ハンドステッチを施したトロンハンドルやヌメ革のトリミング、ゴールドカラーの金具が光ります。手持ちや腕にかけてエレガントにお使いいただけるアイテムです。","ウィメンズ:バッグ:モノグラム・バッグ"
"000512","N53151","アルマ PM","マロン","日常使いにぴったりのタイムレスなアイコンバッグ「アルマ PM」。構築的なフォルムが1934年にデザインされたメゾンのアール･デコ調のバッグの特徴をそのままに伝えます。その名はパリのアルマ橋から採られたもの。ダミエ･キャンバスで仕立て、ハンドステッチを施したトロンハンドルやヌメ革のトリミング、ゴールドカラーの金具が光ります。手持ちや腕にかけてエレガントにお使いいただけるアイテムです。","ウィメンズ:バッグ:すべてのウィメンズバッグ"
"000513","M40302","アルマ PM","ブラック","日常使いにぴったりのタイムレスなアイコンバッグ「アルマ PM」。構築的なフォルムが1934年にデザインされたメゾンのアール･デコ調のバッグの特徴をそのままに伝えます。深みのあるカラーで染色した質感のあるエピ・レザーで仕立て、ハンドステッチを施したトロンハンドルやシルバーカラーの金具、シグネチャーのキーカバー、すべてのディティールにおいて洗練されたクラフツマンシップが際立ちます。手持ちや腕にかけてエレガントにお使いいただけるアイテムです。","ウィメンズ:バッグ:すべてのウィメンズバッグ"
"000539","M53152","アルマ BB","マロン","1934年に発表されたメゾンのアール･デコ調のバッグの特徴をそのまま受け継ぐ「アルマ BB」。アイコニックなモノグラム･キャンバスにゴールドカラーのパドロックとキー、2本のトロンハンドル、スマートなレザーのキーベルをあしらいました。ルイ･ヴィトンならではのディテールがタイムレスなエレガンスを放ちます。取外し可能なストラップで、クロスボディバッグとしてもお使いいただけるチャーミングなアイテムです。","ウィメンズ:バッグ:ウィメンズ ショルダーバッグ、クロスボディバッグ"
"000570","M42224","ノエ","マロン","1932年の誕生当時のデザインを彷彿させるバッグ「ノエ」。前身となった「ノエ」は、ガストン-ルイ･ヴィトンがあるシャンパン製造業者から、5本のシャンパンボトルを持ち運びできる堅牢でスタイリッシュなバッグを依頼されたことをきっかけに誕生したもの。アイコニックなフォルム、高い収納力、ドローストリングといったオリジナルのディテールを保ちながら、モノグラム・キャンバスで現代風にアップデート。調節可能なレザーストラップで、ショルダーバッグとしてもお楽しみいただけます。","ウィメンズ:バッグ:ウィメンズ ショルダーバッグ、クロスボディバッグ"
"000614","N62663","ポルトフォイユ・ミュルティプル","グレー","ダミエ・グラフィットの札入れ「ポルトフォイユ・ミュルティプル」は、男性には嬉しいクレジットカード用ポケットの豊富なすっきりとしたデザインの薄型の札入れです。ジャケットやパンツのポケットにも収納可能。","メンズ:パーソナライゼーション:財布＆小物"
"000615","M60895","ポルトフォイユ・ミュルティプル","マロン","モノグラム･ラインの札入れ「ポルトフォイユ・ミュルティプル」。クレジットカード、紙幣、レシートなどを収納できます。","メンズ:パーソナライゼーション:財布＆小物"
"000670","M40074","キャリーオール","マロン","モノグラム・キャンバスの多用途のバッグ｢キャリーオール｣は｢キーポル｣のデザインを受け継ぐ旅行用バッグ｡収納力抜群でパドロックを使用して施錠も可能です。抜群の収納力はスポーツや週末の旅行に最適です｡","ウィメンズ:パーソナライゼーション:イニシャルホットスタンピング"
"000684","M41140","サック・シャス","マロン","狩猟用バッグとしてデザインされた機能的なバッグ「サック･シャス」。レザーハンドルと取り外し可能なショルダーストラップ付きで、快適に持ち運べます。","ウィメンズ:パーソナライゼーション:イニシャルホットスタンピング"
"000688","M41418","キーポル・バンドリエール 45","マロン","ルイ･ヴィトン定番の旅行用バッグ「キーポル・バンドリエール 45」。肩に掛けて快適に持ち運べるレザーストラップ付きです。","ウィメンズ:トラベル:すべてのウィメンズトラベル製品"
"000695","M41416","キーポル・バンドリエール 50","マロン","ルイ･ヴィトン定番の旅行用バッグ「キーポル・バンドリエール 50」。肩に掛けて快適に持ち運べるレザーストラップ付きです。","ウィメンズ:トラベル:すべてのウィメンズトラベル製品"
"000697","M41424","キーポル 55","マロン","ルイ･ヴィトンの伝統を受け継ぐ旅行用バッグ「キーポル 55」。丸みを帯びたレザーハンドルは、持ち心地の良さを追求しています。","ウィメンズ:トラベル:すべてのウィメンズトラベル製品"
"000698","M41414","キーポル・バンドリエール 55","マロン","ルイ･ヴィトン定番の旅行用バッグ「キーポル・バンドリエール 55」。肩に掛けて快適に持ち運べるレザーストラップ付きです。","ウィメンズ:トラベル:すべてのウィメンズトラベル製品"
"000699","N41429","キーポル・バンドリエール 55","ベージュ","ルイ・ヴィトン定番の旅行バッグ「キーポル・バンドリエール 55」がダミエ･ラインの、ダミエ・アズール シリーズから登場。肩に掛けて快適に持ち運べるレザーストラップ付き。丸みを帯びたハンドルで持ち運びも快適です。","ウィメンズ:パーソナライゼーション:イニシャルホットスタンピング"
"000700","N41414","キーポル・バンドリエール 55","マロン","ルイ・ヴィトン定番の旅行バッグ「キーポル・バンドリエール 55」がダミエ･ラインから登場。肩に掛けて快適に持ち運べるレザーストラップ付き。丸みを帯びたハンドルで持ち運びも快適です。","ウィメンズ:パーソナライゼーション:イニシャルホットスタンピング"
"000702","M41412","キーポル・バンドリエール 60","マロン","ルイ･ヴィトン定番の旅行用バッグ「キーポル・バンドリエール 60」。肩に掛けて快適に持ち運べるレザーストラップ付きです。","ウィメンズ:トラベル:すべてのウィメンズトラベル製品"
"000710","M41404","シリウス 55","マロン","「シリウス 55」は、収納性と耐久性に優れた旅行用バッグです。レザーハンドル付きで、快適に持ち運べます。","メンズ:パーソナライゼーション:バッグ＆トラベル"
"000711","M41400","シリウス 70","マロン","「シリウス」で一番大きなモデル「シリウス 70」。収納性と耐久性に優れた旅行用バッグです。レザーハンドル付きで、快適に持ち運べます。","ウィメンズ:パーソナライゼーション:イニシャルホットスタンピング"
"000713","M41126","スティーマー・バッグ","マロン","収納性抜群の旅行バッグ「スティーマー・バッグ」。バッグの底は4つの四角いレザーで補強されています。フラップをしっかり閉じるレザーストラップ付き。","ウィメンズ:パーソナライゼーション:イニシャルホットスタンピング"
"000714","M21228","Alzer 60 ","マロン","From the purest tradition of travel, the famous Alzer suitcase is one of the Louis Vuitton emblems. Spacious and incomparably sturdy, it continues to impress connoisseurs from all around the world.","Women:Travel:Hardsided Luggage"
"000715","M21227","アルゼール 65","マロン","コーナーをゴールドカラーのプレートやレザーで補強した頑丈なトランク「アルゼール 65」。S字型ロックと留め金付きで、持ち運びも安全です。","ウィメンズ:トラベル:ウィメンズ トランク"
"000716","M21226","ALZER 70 ","マロン","From the purest tradition of travel, the famous Alzer suitcase is one of the Louis Vuitton emblems. Spacious and incomparably sturdy, it continues to impress connoisseurs from all around the world.","Women:Travel:Hardsided Luggage"
"000717","M21225","アルゼール 75","マロン","コーナーをゴールドカラーのプレートやレザーで補強した頑丈なトランク「アルゼール 75」。S字型ロックと留め金付きで、持ち運びも安全です。","ウィメンズ:トラベル:ウィメンズ トランク"
"000718","M21222","アルゼール 80","マロン","コーナーをゴールドカラーのプレートやレザーで補強した頑丈なトランク「アルゼール 80」。S字型ロックと留め金付きで、持ち運びも安全です。またこのモデルは他の「アルゼール」に比べ、奥行きが深めです。","ウィメンズ:トラベル:ウィメンズ トランク"
"000720","M21327","BISTEN 55 ","マロン","The Bisten suitcase is an integral part of the Louis Vuitton prestigious heritage. Slender and incomparably sturdy, it continues to impress connoisseurs from all around the world.","Women:Travel:Hardsided Luggage"
"000722","M21325","BISTEN 65 ","マロン","The Bisten suitcase is an integral part of the Louis Vuitton prestigious heritage. Slender and incomparably sturdy, it continues to impress connoisseurs from all around the world.","Women:Travel:Hardsided Luggage"
"000724","M21424","COTTEVILLE 40 ","マロン","Little brother of the Alzer and the Bisten, this hard sided suitcase has an appealing compact form and generous capacity. Its solidity is the trademark of the traditional Louis Vuitton know-how.","Women:Travel:Hardsided Luggage"
"000727","M47530","エテュイ・3 モントル","マロン","腕時計が3本入り、旅行などにも携帯可能なコンパクトサイズのウォッチケースは旅行の必需品。ソフトなクッションが大切な時計を保護します。コロンとしたフォルムとヌメ革のベルトがアクセントに。","ウィメンズ:トラベル:すべてのウィメンズトラベル製品"
"000728","M47641","コフレ 8 モントル","マロン","伝統的なモノグラム・キャンバスで作られた時計ケース「コフレ 8 モントル」。安心してそのままスーツケースに収納でき、他の貴重品も隠せる取り外し可能なトレー付きです。 ","ライフスタイル:注目アイテム:ライフスタイルを彩るコレクション"
"000742","M47515","ポシェット・コスメティック","マロン","コンパクトな化粧用ポーチ「ポシェット・コスメティック」。 ハンドバッグにスマートに収まります。平らなボトムにラップアラウンド式の開閉で、化粧品を簡単に取り出せます。","ウィメンズ:トラベル:すべてのウィメンズトラベル製品"
"000743","N47516","ポシェット・コスメティック","マロン","コンパクトな化粧用ポーチ「ポシェット・コスメティック」。 ハンドバッグにスマートに収まります。平らなボトムとラップアラウンド式の開閉で、化粧品を簡単に取り出せます。","ウィメンズ:トラベル:すべてのウィメンズトラベル製品"
"000745","N60024","ポシェット・コスメティック","ベージュ","コンパクトな化粧用ポーチ「ポシェット・コスメティック」。 ハンドバッグにスマートに収まります。平らなボトムにラップアラウンド式の開閉で、化粧品をスムーズに取り出すことができます。","ウィメンズ:トラベル:すべてのウィメンズトラベル製品"
"000762","M47527","トゥルース・トワレ 25","マロン","新しいデザインとして生まれ変わった「トゥルース・トワレ 25」。ヌメ革のトリミングがポーチ全体に明るい印象を与えます。旅行の時の洗面具入れに最適です。","ウィメンズ:トラベル:すべてのウィメンズトラベル製品"
"000900","N60229","ジッピー・コインパース","ブルー","ダミエ･アズール キャンバスを使用し、フレッシュかつフェミニンに仕上げた「ジッピー･コイン パース」。コインケース以上の機能を備えたアイテムです。ファスナー開閉式で中身を取出しやすく、グレインレザーを使用した内装にはカードや折り畳んだ紙幣を収納できます。バッグやポケットにすっきり収まるコンパクトなサイズは日常使いにぴったり。","ウィメンズ:財布＆小物:すべてのウィメンズ財布＆小物"
"000901","M60067","ジッピー・コイン パース","マロン","モノグラム･キャンバスで仕上げた「ジッピー･コイン パース」。バッグやポケットにすっきり収まるコンパクトなサイズに、必需品をしっかりと収納できる機能性を備えています。ラウンドファスナー開閉式で引き手にはLVの刻印をあしらい、カードや折り畳んだ紙幣、小銭をすぐに取出せるのも魅力です。","ウィメンズ:財布＆小物:すべてのウィメンズ財布＆小物"
"000902","M60152","ジッピー・コイン パース","ブラック","ルイ･ヴィトンを象徴するエピ･レザーで仕上げた「ジッピー･コイン パース」。バッグやポケットにすっきり収まるコンパクトなサイズでありながら、カードや折り畳んだ紙幣、小銭をしっかりと収納できます。ラウンドファスナーの引き手にはLVの刻印をあしらいました。","ウィメンズ:財布＆小物:すべてのウィメンズ財布＆小物"
"000904","N63070","ジッピー・コイン パース","マロン","伝統的なダミエ･キャンバスで仕上げた「ジッピー･コイン パース」。ルイ･ヴィトンならではのアイコニックなアイテムです。名前の由来となっているラウンドファスナーを開くと、カードや折り畳んだ紙幣、小銭をすぐに取出せます。バッグやポケットにすっきり収まる、実用的なサイズです。","ウィメンズ:財布＆小物:すべてのウィメンズ財布＆小物"
"000904","N60213","ジッピー・コイン パース","マロン","伝統的なダミエ･キャンバスで仕上げた「ジッピー･コイン パース」。ルイ･ヴィトンならではのアイコニックなアイテムです。名前の由来となっているラウンドファスナーを開くと、カードや折り畳んだ紙幣、小銭をすぐに取出せます。バッグやポケットにすっきり収まる、実用的なサイズです。","ウィメンズ:財布＆小物:すべてのウィメンズ財布＆小物"
"000905","M90601","ジッピー・コインパース","ゴールド","シックなパテントカーフのモノグラム･ヴェルニ レザーで仕上げた「ジッピー・コインパース」。バッグやポケットにすっきり収まるコンパクトなアイテムです。名前の由来となったラウンドファスナーの引き手にはLVの刻印が光り、内側をカーフレザーのライニングが彩ります。カードや折り畳んだ紙幣、小銭をしっかりと収納できる機能性も魅力です。","ウィメンズ:財布＆小物:すべてのウィメンズ財布＆小物"
"000930","M81065","ポルト カルト・サーンプル","イエロー","エピ･レザーを使用したシックでシンプルな「ポルト カルト･サーンプル」。ポケットにもすっきり収まるデザインで、クレジットカードや駐車券、名刺などを収納可能な3つのスロットを備えています。","ウィメンズ:財布＆小物:ウィメンズカードケース"
"000930","M81058","ポルト カルト・サーンプル","ピンク","エピ･レザーを使用したシックでシンプルな「ポルト カルト･サーンプル」。ポケットにもすっきり収まるデザインで、クレジットカードや駐車券、名刺などを収納可能な3つのスロットを備えています。","ウィメンズ:財布＆小物:ウィメンズカードケース"
"000930","M63512","ポルト カルト・サーンプル","ブラック","シンプルでシックなカード･ケース「ポルト カルト・サーンプル」のエピ･レザー バージョン。ポケットに収まるスリムなデザインです。","ウィメンズ:財布＆小物:ウィメンズカードケース"
"000931","M61733","ポルト カルト・サーンプル","マロン","シンプルでシックなカード･ケース「ポルト カルト・サーンプル」のモノグラム･キャンバス バージョン。ポケットに収まるスリムなデザインです。","ウィメンズ:財布＆小物:ウィメンズカードケース"
"000931","M60703","ポルト カルト・サーンプル","マロン","ルイ･ヴィトンのアイコニックなモノグラム･キャンバスで仕立てたカードケース「ポルト カルト･サーンプル」。スマートかつシンプルな魅力を放つ、アクティブなライフスタイルにぴったりのアイテムです。スリムなデザインでありながら、中央には深さのあるカードスロット、サイドにはやや浅めの2つのスロットを備えています。グレインレザーのライニングが洗練された個性を添えます。","ウィメンズ:財布＆小物:ウィメンズカードケース"
"000933","N61722","ポルト カルト・サーンプル","マロン","シンプルでシックなカード･ケース「ポルト カルト・サーンプル」のダミエ･キャンバス バージョン。ポケットに収まるスリムなデザインです。","メンズ:財布＆小物:メンズ キー＆カードケース、パスポートカバー"
"000941","M62650","ポシェット・クレ","マロン","アイコニックなモノグラム･キャンバスを使用し、遊び心と実用性を兼ね備えた「ポシェット･クレ」。コイン、カード、折り畳んだ紙幣や鍵など身の回りの細々としたアイテムを収納できるキーケースです。ルイ･ヴィトンのバッグに付属のDリングに取付けたり、バッグやベルトのチャームとしてもお使いいただけます。LVの刻印入りの引き手が特徴のファスナー開閉式のアイテムです。","ウィメンズ:財布＆小物:すべてのウィメンズ財布＆小物"
"000942","N62658","ポシェット・クレ","マロン","伝統的なダミエ･キャンバスを使用した「ポシェット･クレ」。シンプルなデザインを、LVの刻印を施したファスナーの引き手やグレインレザーのライニングなどの洗練されたディテールで引き立てました。コインや鍵など身の回りの細々としたアイテムを収納できる、遊び心と機能性を兼ね備えたキーケースです。さまざまな持ち方をお楽しみいただけます。","ウィメンズ:財布＆小物:すべてのウィメンズ財布＆小物"
"001025","M58009","ミニ・ポシェット・アクセソワール","マロン","モノグラム･キャンバスで仕立てた「ミニ･ポシェット･アクセソワール」。必需品をスタイリッシュに持ち運ぶのに最適です。収納力に優れたファスナー付きのコンパートメントはクラッチバッグとしても、付属のチェーンやフックでバッグに取付けてもお使いいただけます。ラウンド型のシェイプとしなやかなモノグラム･キャンバスが魅力の、使い勝手の良いポーチです。","ウィメンズ:財布＆小物:すべてのウィメンズ財布＆小物"
"001035","N58009","ミニ・ポシェット・アクセソワール","マロン","ダミエ･キャンバスを使用した必需品を持ち歩くのにぴったりな「ミニ･ポシェット･アクセソワール」。しなやかなラウンド型のシェイプと優れた収納力が魅力の、ファスナー開閉式で使い勝手の良いポーチです。手持ちとしても、付属のゴールド仕上げのチェーンとフックでバッグに取付けてもお使いいただけます。","ウィメンズ:財布＆小物:すべてのウィメンズ財布＆小物"
"001054","M77356","ショール・モノグラム","ベージュ","コレクションを象徴するニュートラルなカラーで新たに登場した「ショール･モノグラム」。1989年に発表されたクラシカルなアイテムに、トーン･オン･トーンのモノグラム･パターンがモダンな雰囲気を添えます。20世紀初頭、旅人たちのために作られたモノグラム･パターンのブランケットから着想を得たアイテムです。","ウィメンズ:アクセサリー:ショール＆ストール"
"001054","M76874","ショール・モノグラム","ピンク","20世紀の旅人たちが愛用していたブランケットから着想を得て軽やかに仕立てた「ショール･モノグラム」。鮮やかなカラーに染め上げたシルク & ウールの混紡素材が、トーン･オン･トーンのモノグラム･パターンに豊かな表情を演出します。フリンジ仕上げとジャカード織りの技法に、メゾンが誇る職人技とこだわりが光るデザインです。","ウィメンズ:アクセサリー:ショール＆ストール"
"001054","M76875","ショール・モノグラム","ピンク","20世紀の旅人たちが愛用していたブランケットから着想を得て軽やかに仕立てた「ショール･モノグラム」。鮮やかなカラーに染め上げたシルク & ウールの混紡素材が、トーン･オン･トーンのモノグラム･パターンに豊かな表情を演出します。フリンジ仕上げとジャカード織りの技法に、メゾンが誇る職人技とこだわりが光るデザインです。","ウィメンズ:アクセサリー:ショール＆ストール"
"001054","M76876","ショール・モノグラム","グレー","20世紀の旅人たちが愛用していたブランケットから着想を得て軽やかに仕立てた「ショール･モノグラム」。鮮やかなカラーに染め上げたシルク & ウールの混紡素材が、トーン･オン･トーンのモノグラム･パターンに豊かな表情を演出します。フリンジ仕上げとジャカード織りの技法に、メゾンが誇る職人技とこだわりが光るデザインです。","ウィメンズ:アクセサリー:ショール＆ストール"
"001054","M76633","ショール・モノグラム","グリーン","20世紀の旅人たちが愛用していたブランケットから着想を得て軽やかに仕立てた「ショール･モノグラム」。鮮やかなカラーに染め上げたシルク & ウールの混紡素材が、トーン･オン･トーンのモノグラム･パターンに豊かな表情を演出します。フリンジ仕上げとジャカード織りの技法に、メゾンが誇る職人技とこだわりが光るデザインです。","ウィメンズ:アクセサリー:ショール＆ストール"
"001054","M76635","ショール・モノグラム","レッド","20世紀の旅人たちが愛用していたブランケットから着想を得て軽やかに仕立てた「ショール･モノグラム」。鮮やかなカラーに染め上げたシルク & ウールの混紡素材が、トーン･オン･トーンのモノグラム･パターンに豊かな表情を演出します。フリンジ仕上げとジャカード織りの技法に、メゾンが誇る職人技とこだわりが光るデザインです。","ウィメンズ:アクセサリー:ショール＆ストール"
"001054","M71329","ショール・モノグラム","ブラック","柔らかく暖かい肌触りが魅力のシルク & ウールの混紡素材で仕立てた「ショール･モノグラム」。メゾンのアイコニックなトラベルブランケットから着想を得て、モノグラム･パターンと「Louis Vuitton」シグネチャーを織り込んだデザインです。大判サイズで軽くて暖かい、多彩なスタイリングをお楽しみいただけるラグジュアリーな一品です。","ウィメンズ:アクセサリー:ショール＆ストール"
"001054","M71336","ショール・モノグラム","ベージュ","柔らかく暖かい肌触りが魅力のシルク & ウールの混紡素材で仕立てた「ショール･モノグラム」。メゾンのアイコニックなトラベルブランケットから着想を得て、モノグラム･パターンと「Louis Vuitton」シグネチャーを織り込んだデザインです。大判サイズで軽くて暖かい、多彩なスタイリングをお楽しみいただけるラグジュアリーな一品です。","ウィメンズ:アクセサリー:ショール＆ストール"
"001056","M77374","エシャルプ・レイキャビック","ブルー","寒い季節に相応しいラグジュアリーな「エシャルプ・レイキャビック」。ジャカード織りの技法を用いて、ルイ･ヴィトンならではのモノグラム･パターンを生み出しました。この上なく柔らかいカシミヤ100％の素材をゆったりとしたサイズとエレガントなフリンジで仕上げた、旅行にも最適なアイテムです。","ウィメンズ:ウィメンズ・ギフト:ウィメンズ･ギフト セレクション"
"001056","M71126","エシャルプ・レイキャビック","グレー","肌寒い季節に纏う人をラグジュアリーに包み込む　柔らかなカシミヤ100%の素材を使用した「エシャルプ･レイキャビック」。ジャカード織りの技法で、ルイ･ヴィトンのアイコニックなモノグラム･パターンとメゾンのシグネチャーを織り込みました。大判サイズで旅行にも最適です。","ウィメンズ:ウィメンズ・ギフト:ウィメンズ･ギフト セレクション"
"001056","M71040","エシャルプ・レイキャビック","ブラック","肌寒い季節に纏う人をラグジュアリーに包み込む　柔らかなカシミヤ100%の素材を使用した「エシャルプ･レイキャビック」。ジャカード織りの技法で、ルイ･ヴィトンのアイコニックなモノグラム･パターンとメゾンのシグネチャーを織り込みました。大判サイズで旅行にも最適です。","ウィメンズ:ウィメンズ・ギフト:ウィメンズ･ギフト セレクション"
"001056","M75505","エシャルプ・レイキャビック","レッド","肌寒い季節に纏う人をラグジュアリーに包み込む　柔らかなカシミヤ100%の素材を使用した「エシャルプ･レイキャビック」。ジャカード織りの技法で、ルイ･ヴィトンのアイコニックなモノグラム･パターンとメゾンのシグネチャーを織り込みました。大判サイズで旅行にも最適です。","ウィメンズ:ウィメンズ・ギフト:ウィメンズ･ギフト セレクション"
"001056","M76066","エシャルプ・レイキャビック","ホワイト","再解釈したモノグラム･パターンがエレガントな雰囲気を醸し出すスカーフ「エシャルプ･レイキャビック」。大ぶりのパターンを片面ずつ対照的なカラーリングで描いたデザインが、インパクトを放ちます。この上なく柔らかいカシミヤ100％を使用し大判サイズに仕上げた、肌寒い季節に欠かせないアイテムです。
","ウィメンズ:ウィメンズ・ギフト:ウィメンズ･ギフト セレクション"
"001056","M76067","エシャルプ・レイキャビック","ベージュ","肌寒い季節にぴったりなスカーフ「エシャルプ･レイキャビック」。上質なカシミヤ100％を使用した、洗練された雰囲気が魅力です。繊細なジャカード織りの技法を用いて、モノグラム･パターンをコントラストカラーで散りばめました。同系色の長いフリンジのディテールと「Louis Vuitton」シグネチャーが、タイムレスでロマンティックなデザインを引き立てます。","ウィメンズ:ウィメンズ・ギフト:ウィメンズ･ギフト セレクション"
"001064","M30500","ミュルティクレ 6","ブラック","コンパクトなキーケース「ミュルティクレ 6」。鍵を6本まで取り付けられます。ルイ･ヴィトンのバッグに合わせてお持ちいただけます。","メンズ:財布＆小物:メンズ キー＆カードケース、パスポートカバー"
"001066","M72364","ドラ ドゥ バン・モノグラム・クラシック","マロン","ビーチでの視線を集めるルイ・ヴィトンの伝統的なモノグラム・パターンが施されたビーチタオル「ドラ ドゥ バン・モノグラム・クラシック」。","ライフスタイル:ホーム:ホーム デコレーション"
"001080","M62630","ミュルティクレ 6","マロン","エレガントでコンパクトなキーケース「ミュルティクレ 6」。鍵を6本まで取り付けられます。ルイ･ヴィトンのバッグに合わせてお持ちいただけます。","メンズ:パーソナライゼーション:財布＆小物"
"001089","N62630","ミュルティクレ 6","マロン","エレガントでコンパクトなキーケース「ミュルティクレ 6」。鍵を6本まで取り付けられます。ルイ･ヴィトンのバッグに合わせてお持ちいただけます。","メンズ:財布＆小物:メンズ キー＆カードケース、パスポートカバー"
"001129","M9821W","サンチュール・LVイニシャル 40MM “モノグラム”","マロン","LVロゴのバックルがインパクト大のベルト「サンチュール･LVイニシャル 40MM “モノグラム”」はデニムとの相性が抜群。モノグラム･キャンバスでカジュアルに、ブラックのカーフレザーでシックに使用可能なリバーシブルが魅力的。サイズ：80-85-90-95-100-110cm","メンズ:アクセサリー:メンズ ベルト"
"001129","M9821V","サンチュール・LVイニシャル 40MM “モノグラム”","マロン","LVロゴのバックルがインパクト大のベルト「サンチュール･LVイニシャル 40MM “モノグラム”」はデニムとの相性が抜群。モノグラム･キャンバスでカジュアルに、ブラックのカーフレザーでシックに使用可能なリバーシブルが魅力的。サイズ：80-85-90-95-100-110cm","メンズ:アクセサリー:メンズ ベルト"
"001129","M9821U","サンチュール・LVイニシャル 40MM “モノグラム”","マロン","LVロゴのバックルがインパクト大のベルト「サンチュール･LVイニシャル 40MM “モノグラム”」はデニムとの相性が抜群。モノグラム･キャンバスでカジュアルに、ブラックのカーフレザーでシックに使用可能なリバーシブルが魅力的。サイズ：80-85-90-95-100-110cm","メンズ:アクセサリー:メンズ ベルト"
"001129","M9821T","サンチュール・LVイニシャル 40MM “モノグラム”","マロン","LVロゴのバックルがインパクト大のベルト「サンチュール･LVイニシャル 40MM “モノグラム”」はデニムとの相性が抜群。モノグラム･キャンバスでカジュアルに、ブラックのカーフレザーでシックに使用可能なリバーシブルが魅力的。サイズ：80-85-90-95-100-110cm","メンズ:アクセサリー:メンズ ベルト"
"001129","M9821S","サンチュール・LVイニシャル 40MM “モノグラム”","マロン","LVロゴのバックルがインパクト大のベルト「サンチュール･LVイニシャル 40MM “モノグラム”」はデニムとの相性が抜群。モノグラム･キャンバスでカジュアルに、ブラックのカーフレザーでシックに使用可能なリバーシブルが魅力的。サイズ：80-85-90-95-100-110cm","メンズ:アクセサリー:メンズ ベルト"
"001129","M9821R","サンチュール・LVイニシャル 40MM “モノグラム”","マロン","LVロゴのバックルがインパクト大のベルト「サンチュール･LVイニシャル 40MM “モノグラム”」はデニムとの相性が抜群。モノグラム･キャンバスでカジュアルに、ブラックのカーフレザーでシックに使用可能なリバーシブルが魅力的。サイズ：80-85-90-95-100-110cm","メンズ:アクセサリー:メンズ ベルト"
"001129","M9821Q","サンチュール・LVイニシャル 40MM “モノグラム”","マロン","LVロゴのバックルがインパクト大のベルト「サンチュール･LVイニシャル 40MM “モノグラム”」はデニムとの相性が抜群。モノグラム･キャンバスでカジュアルに、ブラックのカーフレザーでシックに使用可能なリバーシブルが魅力的。サイズ：80-85-90-95-100-110cm","メンズ:アクセサリー:メンズ ベルト"
"001129","M9821N","サンチュール・LVイニシャル 40MM “モノグラム”","マロン","LVロゴのバックルがインパクト大のベルト「サンチュール･LVイニシャル 40MM “モノグラム”」はデニムとの相性が抜群。モノグラム･キャンバスでカジュアルに、ブラックのカーフレザーでシックに使用可能なリバーシブルが魅力的。サイズ：80-85-90-95-100-110cm","メンズ:アクセサリー:メンズ ベルト"
"001133","M9807Q","サンチュール・LVイニシャル 40MM “ダミエ”","マロン","LVロゴのバックルがインパクト大のベルト「サンチュール・LVイニシャル 40MM “ダミエ”」はデニムとの相性が抜群。","メンズ:アクセサリー:メンズ ベルト"
"001133","M9807S","サンチュール・LVイニシャル 40MM “ダミエ”","マロン","LVロゴのバックルがインパクト大のベルト「サンチュール・LVイニシャル 40MM “ダミエ”」はデニムとの相性が抜群。","メンズ:アクセサリー:メンズ ベルト"
"001133","M9807T","サンチュール・LVイニシャル 40MM “ダミエ”","マロン","LVロゴのバックルがインパクト大のベルト「サンチュール・LVイニシャル 40MM “ダミエ”」はデニムとの相性が抜群。","メンズ:アクセサリー:メンズ ベルト"
"001133","M9807U","サンチュール・LVイニシャル 40MM “ダミエ”","マロン","LVロゴのバックルがインパクト大のベルト「サンチュール・LVイニシャル 40MM “ダミエ”」はデニムとの相性が抜群。","メンズ:アクセサリー:メンズ ベルト"
"001133","M9807V","サンチュール・LVイニシャル 40MM “ダミエ”","マロン","LVロゴのバックルがインパクト大のベルト「サンチュール・LVイニシャル 40MM “ダミエ”」はデニムとの相性が抜群。","メンズ:アクセサリー:メンズ ベルト"
"001133","M9807R","サンチュール・LVイニシャル 40MM “ダミエ”","マロン","LVロゴのバックルがインパクト大のベルト「サンチュール・LVイニシャル 40MM “ダミエ”」はデニムとの相性が抜群。","メンズ:アクセサリー:メンズ ベルト"
"001188","N62662","ミュルティクレ 6","グレー","シンプルで機能的なキーケース、「ミュルティクレ 6」がマスキュリンな印象を与えるダミエ・グラフィットから登場。鍵を6本まで取り付けられます。コーディネートしやすいシックなデザインは、幅広いシーンで活躍します。","メンズ:財布＆小物:メンズ キー＆カードケース、パスポートカバー"
"001264","M0001Q","サンチュール・LVイニシャル 35MM","ブラック","カジュアルで身に着けやすいアイコニックなタイガ･レザーのベルト「サンチュール・LVイニシャル 35MM」。新たに登場したレザーグッズのデザインに完璧にマッチしたファッショナブルなアイテムです。","メンズ:アクセサリー:メンズ ベルト"
"001264","M0001S","サンチュール・LVイニシャル 35MM","ブラック","カジュアルで身に着けやすいアイコニックなタイガ･レザーのベルト「サンチュール・LVイニシャル 35MM」。新たに登場したレザーグッズのデザインに完璧にマッチしたファッショナブルなアイテムです。","メンズ:アクセサリー:メンズ ベルト"
"001264","M0001T","サンチュール・LVイニシャル 35MM","ブラック","カジュアルで身に着けやすいアイコニックなタイガ･レザーのベルト「サンチュール・LVイニシャル 35MM」。新たに登場したレザーグッズのデザインに完璧にマッチしたファッショナブルなアイテムです。","メンズ:アクセサリー:メンズ ベルト"
"001264","M0001U","サンチュール・LVイニシャル 35MM","ブラック","カジュアルで身に着けやすいアイコニックなタイガ･レザーのベルト「サンチュール・LVイニシャル 35MM」。新たに登場したレザーグッズのデザインに完璧にマッチしたファッショナブルなアイテムです。","メンズ:アクセサリー:メンズ ベルト"
"001264","M0001V","サンチュール・LVイニシャル 35MM","ブラック","カジュアルで身に着けやすいアイコニックなタイガ･レザーのベルト「サンチュール・LVイニシャル 35MM」。新たに登場したレザーグッズのデザインに完璧にマッチしたファッショナブルなアイテムです。","メンズ:アクセサリー:メンズ ベルト"
"001310","M76878","ショール・モノグラム デニム","レッド","シルク & ウールの混紡素材で仕立てた、この上なく心地良い柔らかさが魅力の「ショール・モノグラム デニム」。色調を合わせたモノグラム･パターンをジャカード織りの技法で全体に散りばめました。フリンジの仕上げとアイコニックな「Louis Vuitton」シグネチャーが洗練された雰囲気を添える、さまざまなスタイルに合わせてお楽しみいただけるアクセサリーです。","ウィメンズ:アクセサリー:ショール＆ストール"
"001310","M71382","ショール・モノグラム デニム","ブルー","アイコニックなモノグラム･パターンを今シーズンに相応しくアップデートした「ショール･モノグラム デニム」。コットン & シルクの柔らかい混紡素材を使用し、両方の糸に染色を施してコントラストの効いたプリントにハイライトを添えました。ヘッドスカーフや首元に巻いてもお楽しみいただけるこの上なくエレガントな一品です。","ウィメンズ:アクセサリー:ショール＆ストール"
"001310","M70804","ショール・モノグラム デニム","グレー","アイコニックなモノグラム･パターンを今シーズンならではの色合いでアップデートした「ショール･モノグラム デニム」。コットン & シルクの柔らかい混紡素材を使用し、両方の糸に染色を施してコントラストの効いたプリントにハイライトを添えました。ヘッドスカーフや首元に巻いてもお楽しみいただけるこの上なくエレガントな一品です。","ウィメンズ:アクセサリー:ショール＆ストール"
"001310","M71376","ショール・モノグラム　デニム","ブルー","ラグジュアリーでソフトな肌触りが日常使いに最適な「ショール･モノグラム　デニム」。アイコニックなモノグラム･パターンと「Louis Vuitton」シグネチャーをジャカード織りの技法であしらったフェミニンなアイテムです。柔らかいシルク & ウールの混紡素材にフリンジを施して仕上げたデザインです。","ウィメンズ:アクセサリー:ショール＆ストール"
"001310","M71378","ショール・モノグラム　デニム","ブラック","ラグジュアリーでソフトな肌触りが日常使いに最適な「ショール･モノグラム　デニム」。アイコニックなモノグラム･パターンと「Louis Vuitton」シグネチャーをジャカード織りの技法であしらったフェミニンなアイテムです。柔らかいシルク & ウールの混紡素材にフリンジを施して仕上げたデザインです。","ウィメンズ:アクセサリー:ショール＆ストール"
"001310","M76068","ショール・モノグラム ネオ デニム","ピンク","ラグジュアリーなシルク & ウールの混紡素材を使用した「ショール･モノグラム ネオ デニム」。柔らかで暖かい質感と目を引くデザインが魅力です。遊び心溢れるデニム風の仕上げを施し、同系色のモノグラム･パターンを全体に散りばめました。縁にあしらった「Louis Vuitton」シグネチャーを繊細なフリンジのディテールが彩ります。","ウィメンズ:アクセサリー:ショール＆ストール"
"001310","M76639","ショール・モノグラム ネオ デニム","ブルー","最高級ウールと上質なシルクの混紡素材で仕上げた「ショール・モノグラム ネオ デニム」。ジャカード生地全体を彩るモノグラム･パターンは、2色に染めた糸でトーナルなコントラストを際立たせて織り出されたもの。エレガントな質感とドレープが魅力のアイテムは、首元に巻いたり、ヘアアクセサリーとして、またバッグに結んでもご使用いただけます。","ウィメンズ:アクセサリー:ショール＆ストール"
"001331","M6919S","サンチュール・エリプス モノグラム（ゴールドバックル）","マロン","モノグラム･キャンバスのシンプルなデザインのベルトです。","ウィメンズ:アクセサリー:ベルト"
"001331","M6919T","サンチュール・エリプス モノグラム（ゴールドバックル）","マロン","モノグラム･キャンバスのシンプルなデザインのベルトです。","ウィメンズ:アクセサリー:ベルト"
"001331","M6919U","サンチュール・エリプス モノグラム（ゴールドバックル）","マロン","モノグラム･キャンバスのシンプルなデザインのベルトです。","ウィメンズ:アクセサリー:ベルト"
"001331","M6919V","サンチュール・エリプス モノグラム（ゴールドバックル）","マロン","モノグラム･キャンバスのシンプルなデザインのベルトです。","ウィメンズ:アクセサリー:ベルト"
"001331","M6919W","サンチュール・エリプス モノグラム（ゴールドバックル）","マロン","モノグラム･キャンバスのシンプルなデザインのベルトです。","ウィメンズ:アクセサリー:ベルト"
"001331","M6919R","サンチュール・エリプス モノグラム（ゴールドバックル）","マロン","モノグラム･キャンバスのシンプルなデザインのベルトです。<BR>サイズ：80-85-90-95-100-110cm","ウィメンズ:アクセサリー:ベルト"
"001341","M70805","ショール･モノグラム シャイン","ピンク","染め上げた糸とルレックスの混紡素材がユニークな輝きを放ち、ジャカード織りのモノグラム･パターンのコントラストがエレガントな印象の「ショール･モノグラム シャイン」。デイタイムからイブニングシーンまで纏う人をフェミニンに包み込みます。フリンジで仕上げたアイテムは、織り込んだ「Louis Vuitton」のシグネチャーが特徴です。","ウィメンズ:アクセサリー:ショール＆ストール"
"001341","M75121","ショール・モノグラム シャイン","ベージュ","柔らかく光沢感のある糸を使用した、繊細な煌めきを放つ洗練された「ショール・モノグラム シャイン」。クラシカルなトーン・オン・トーンのモノグラム・パターンと「Louis Vuitton」シグネチャーがあらゆる装いにメゾンならではの雰囲気を添えます。フリンジでエレガントに仕上げました。","ウィメンズ:アクセサリー:ショール＆ストール"
"001341","M75122","ショール・モノグラム シャイン","マロン","柔らかく光沢感のある糸を使用した、繊細な煌めきを放つ洗練された「ショール・モノグラム シャイン」。クラシカルなトーン・オン・トーンのモノグラム・パターンと「Louis Vuitton」シグネチャーがあらゆる装いにメゾンならではの雰囲気を添えます。フリンジでエレガントに仕上げました。","ウィメンズ:アクセサリー:ショール＆ストール"
"001341","M75123","ショール・モノグラム シャイン","ブラック","柔らかく光沢感のある糸を使用した、繊細な煌めきを放つ洗練された「ショール・モノグラム シャイン」。クラシカルなトーン・オン・トーンのモノグラム・パターンと「Louis Vuitton」シグネチャーがあらゆる装いにメゾンならではの雰囲気を添えます。フリンジでエレガントに仕上げました。","ウィメンズ:アクセサリー:ショール＆ストール"
"001341","M74026","ショール・モノグラム シャイン","ホワイト","柔らかく光沢感のある糸を使用した、繊細な煌めきを放つ洗練された「ショール・モノグラム シャイン」。クラシカルなトーン・オン・トーンのモノグラム・パターンと「Louis Vuitton」シグネチャーがあらゆる装いにメゾンならではの雰囲気を添えます。フリンジでエレガントに仕上げました。","ウィメンズ:アクセサリー:ショール＆ストール"
"001341","M73658","ショール・モノグラム シャイン","ブルー","ルレックスの染色した糸と柔らかい糸を混織して仕立てたラグジュアリーな「ショール・モノグラム シャイン」。ルイ･ヴィトンのアイコニックなモノグラム･パターンをジャカード織りの技法で再解釈し、コントラストを効かせたモノグラム･パターンを作り出しました。エレガントな不フリンジがタイムレスな美しさを演出する、洗練されたアイテムです。","ウィメンズ:アクセサリー:ショール＆ストール"
"001384","M70484","エシャルプ・カーディフ","グレー","2色使いのコントラストが目を惹く「エシャルプ・カーディフ」は片方にLVのロゴが、もう片方にモノグラム・フラワーが施されています。ほどよいボリュームの幅で使いやすく、ビジネスの装いに合わせても。","メンズ:アクセサリー:メンズ マフラー、ストール、その他テキスタイル"
"001384","M70482","エシャルプ・カーディフ","ブラック","2色使いのコントラストが目を惹く「エシャルプ・カーディフ」は片方にLVのロゴが、もう片方にモノグラム・フラワーが施されています。ほどよいボリュームの幅で使いやすく、ビジネスの装いに合わせても。","メンズ:アクセサリー:メンズ マフラー、ストール、その他テキスタイル"
